{
    "loss": 2.240196943283081,
    "accuracy": 0.7453556656837463
}